{
    "Decision Tree": {
        "Accuracy Score": 0.9648711943793911,
        "Log Loss": 0.13673273097938868,
        "Precision": 0.994140625,
        "Recall": 0.9496268656716418,
        "F1 Score": 0.9713740458015268
    },
    "Logistic Regression": {
        "Accuracy Score": 0.9110070257611241,
        "Log Loss": 0.23504903392632287,
        "Precision": 0.9474708171206225,
        "Recall": 0.9085820895522388,
        "F1 Score": 0.9276190476190476
    }
}