{"Decision Tree": {"Accuracy Score": 0.9648711943793911, "Log Loss": 0.1770538263853407}, "Logistic Regression": {"Accuracy Score": 0.9110070257611241, "Log Loss": 0.23504903392632293}}